{"cameraMode":{"drawMode":0,"name":"Shaded","section":"Shading Mode"},"sceneLighting":false,"audioPlay":false,"sceneViewState":{"m_AlwaysRefresh":false,"showFog":true,"showSkybox":false,"showFlares":true,"showImageEffects":true,"showParticleSystems":true,"showVisualEffectGraphs":true,"m_FxEnabled":true},"in2DMode":false,"pivot":{"x":-9.100000381469727,"y":3.809999942779541,"z":11.300000190734864},"rotation":{"x":-0.16710492968559266,"y":-0.6955670118331909,"z":0.17153334617614747,"w":-0.6774479150772095},"size":0.0012167978566139937,"orthographic":false}