{"cameraMode":{"drawMode":0,"name":"Shaded","section":"Shading Mode"},"sceneLighting":false,"audioPlay":false,"sceneViewState":{"m_AlwaysRefresh":false,"showFog":true,"showSkybox":false,"showFlares":true,"showImageEffects":true,"showParticleSystems":true,"showVisualEffectGraphs":true,"m_FxEnabled":true},"in2DMode":false,"pivot":{"x":-10.383848190307618,"y":0.03256940841674805,"z":0.15854358673095704},"rotation":{"x":-0.16710492968559266,"y":-0.6955670118331909,"z":0.17153334617614747,"w":-0.6774479150772095},"size":3.392857074737549,"orthographic":false}