{"cameraMode":{"drawMode":0,"name":"Shaded","section":"Shading Mode"},"sceneLighting":true,"audioPlay":false,"sceneViewState":{"m_AlwaysRefresh":false,"showFog":true,"showSkybox":false,"showFlares":true,"showImageEffects":true,"showParticleSystems":true,"showVisualEffectGraphs":true,"m_FxEnabled":false},"in2DMode":false,"pivot":{"x":3.200000047683716,"y":1.0000004768371583,"z":23.899999618530275},"rotation":{"x":0.14377683401107789,"y":-0.6755958199501038,"z":0.13684627413749696,"w":0.7101053595542908},"size":1.2247449159622193,"orthographic":false}