{"cameraMode":{"drawMode":0,"name":"Shaded","section":"Shading Mode"},"sceneLighting":true,"audioPlay":false,"sceneViewState":{"m_AlwaysRefresh":false,"showFog":true,"showSkybox":true,"showFlares":true,"showImageEffects":true,"showParticleSystems":true,"showVisualEffectGraphs":true,"m_FxEnabled":true},"in2DMode":false,"pivot":{"x":3.3463354110717775,"y":17.74422264099121,"z":-8.534774780273438},"rotation":{"x":0.30956003069877627,"y":-0.05701366066932678,"z":0.01859935000538826,"w":0.9490154981613159},"size":0.8660253882408142,"orthographic":false}