{"cameraMode":{"drawMode":0,"name":"Shaded","section":"Shading Mode"},"sceneLighting":false,"audioPlay":false,"sceneViewState":{"m_AlwaysRefresh":false,"showFog":true,"showSkybox":true,"showFlares":true,"showImageEffects":true,"showParticleSystems":true,"showVisualEffectGraphs":true,"m_FxEnabled":true},"in2DMode":false,"pivot":{"x":-61.87808609008789,"y":4.716103553771973,"z":-19.337949752807618},"rotation":{"x":-0.06661032140254975,"y":-0.18237966299057008,"z":0.01244304422289133,"w":-0.9809574484825134},"size":0.10990764945745468,"orthographic":false}