{"cameraMode":{"drawMode":0,"name":"Shaded","section":"Shading Mode"},"sceneLighting":false,"audioPlay":false,"sceneViewState":{"m_AlwaysRefresh":false,"showFog":true,"showSkybox":false,"showFlares":true,"showImageEffects":true,"showParticleSystems":true,"showVisualEffectGraphs":true,"m_FxEnabled":true},"in2DMode":false,"pivot":{"x":0.12999999523162843,"y":0.05700711905956268,"z":-0.020000016316771508},"rotation":{"x":-0.6719368696212769,"y":0.0031370529904961588,"z":-0.002833019709214568,"w":-0.7406269907951355},"size":0.08041151612997055,"orthographic":false}