{"cameraMode":{"drawMode":0,"name":"Shaded","section":"Shading Mode"},"sceneLighting":true,"audioPlay":false,"sceneViewState":{"m_AlwaysRefresh":false,"showFog":true,"showSkybox":true,"showFlares":true,"showImageEffects":true,"showParticleSystems":true,"showVisualEffectGraphs":true,"m_FxEnabled":true},"in2DMode":false,"pivot":{"x":0.18729959428310395,"y":0.8043597340583801,"z":0.03269320726394653},"rotation":{"x":-0.09233775734901428,"y":0.7689188122749329,"z":-0.11409573256969452,"w":-0.6222845315933228},"size":0.8660253882408142,"orthographic":false}