{"cameraMode":{"drawMode":0,"name":"Shaded","section":"Shading Mode"},"sceneLighting":true,"audioPlay":false,"sceneViewState":{"m_AlwaysRefresh":false,"showFog":true,"showSkybox":true,"showFlares":true,"showImageEffects":true,"showParticleSystems":true,"showVisualEffectGraphs":true,"m_FxEnabled":true},"in2DMode":false,"pivot":{"x":-2.6465225219726564,"y":5.243031024932861,"z":1.1913403272628785},"rotation":{"x":-0.16311022639274598,"y":-0.7785930037498474,"z":0.22584018111228944,"w":-0.5623642802238464},"size":1.1500544548034669,"orthographic":false}