{"cameraMode":{"drawMode":0,"name":"Shaded","section":"Shading Mode"},"sceneLighting":true,"audioPlay":false,"sceneViewState":{"m_AlwaysRefresh":false,"showFog":true,"showSkybox":true,"showFlares":true,"showImageEffects":true,"showParticleSystems":true,"showVisualEffectGraphs":true,"m_FxEnabled":true},"in2DMode":false,"pivot":{"x":-2.290247917175293,"y":-2.6151065826416017,"z":0.14999999105930329},"rotation":{"x":-0.05855274945497513,"y":0.7382056713104248,"z":-0.06461620330810547,"w":-0.6689202785491943},"size":0.02404160611331463,"orthographic":false}