{"cameraMode":{"drawMode":0,"name":"Shaded","section":"Shading Mode"},"sceneLighting":false,"audioPlay":false,"sceneViewState":{"m_AlwaysRefresh":false,"showFog":false,"showSkybox":false,"showFlares":false,"showImageEffects":false,"showParticleSystems":false,"showVisualEffectGraphs":true,"m_FxEnabled":true},"in2DMode":false,"pivot":{"x":0.8786201477050781,"y":-1.0172061920166016,"z":6.935914993286133},"rotation":{"x":0.002924019703641534,"y":-0.9874054193496704,"z":0.15712863206863404,"w":0.01837586984038353},"size":23.554420471191408,"orthographic":false}