{"cameraMode":{"drawMode":0,"name":"Shaded","section":"Shading Mode"},"sceneLighting":true,"audioPlay":false,"sceneViewState":{"m_AlwaysRefresh":false,"showFog":true,"showSkybox":true,"showFlares":true,"showImageEffects":true,"showParticleSystems":true,"showVisualEffectGraphs":true,"m_FxEnabled":true},"in2DMode":false,"pivot":{"x":505.6695861816406,"y":490.4015808105469,"z":28.734619140625},"rotation":{"x":0.0063111246563494209,"y":0.009856974706053734,"z":-0.00009305934509029612,"w":1.0000438690185547},"size":490.326904296875,"orthographic":false}